{"accuracy": 0.8780487804878049, "ROC-AUC": 0.8841463414634145, "F1-score": 0.8314606741573034, "_timestamp": 1682264820.3678474, "_runtime": 229.05889534950256, "_step": 0, "_wandb": {"runtime": 240}}