{"accuracy": 0.8699186991869918, "ROC-AUC": 0.8475609756097562, "F1-score": 0.8, "_timestamp": 1682513243.0593827, "_runtime": 1.928391695022583, "_step": 0}