{"accuracy": 0.8455284552845529, "ROC-AUC": 0.8475609756097561, "F1-score": 0.7865168539325843, "_timestamp": 1682513026.5625587, "_runtime": 1.776092767715454, "_step": 0, "_wandb": {"runtime": 16}}