{"accuracy": 0.8943089430894309, "ROC-AUC": 0.9146341463414633, "F1-score": 0.860215053763441, "_timestamp": 1682462313.0587845, "_runtime": 0.9635803699493408, "_step": 0, "_wandb": {"runtime": 2213}}