{"accuracy": 0.6422764227642277, "ROC-AUC": 0.6346153846153846, "F1-score": 0.5686274509803921, "_timestamp": 1682273425.304075, "_runtime": 29.50437593460083, "_step": 0, "_wandb": {"runtime": 1}}