{"accuracy": 0.8455284552845529, "ROC-AUC": 0.8427055702917772, "F1-score": 0.8288288288288289, "_timestamp": 1682264321.0799685, "_runtime": 4.441364526748657, "_step": 0, "_wandb": {"runtime": 26}}