{"accuracy": 0.875, "ROC-AUC": 0.8727678571428572, "F1-score": 0.8623853211009174, "_timestamp": 1682267867.4364307, "_runtime": 164.20320773124695, "_step": 0, "_wandb": {"runtime": 383}}