{"accuracy": 0.8861788617886179, "ROC-AUC": 0.8848806366047746, "F1-score": 0.8771929824561403, "_timestamp": 1682503265.7474802, "_runtime": 1.7909090518951416, "_step": 0, "_wandb": {"runtime": 807}}