{"accuracy": 0.8861788617886179, "ROC-AUC": 0.8536585365853658, "F1-score": 0.8157894736842105, "_timestamp": 1681841128.6401634, "_runtime": 2.0013535022735596, "_step": 0, "_wandb": {"runtime": 465}}