{"accuracy": 0.8617886178861789, "ROC-AUC": 0.8658536585365854, "F1-score": 0.8089887640449439, "_timestamp": 1682264355.9782665, "_runtime": 2.411022424697876, "_step": 0, "_wandb": {"runtime": 3}}