{"accuracy": 0.8780487804878049, "ROC-AUC": 0.8762599469496021, "F1-score": 0.8672566371681416, "_timestamp": 1682457563.3373363, "_runtime": 1.7780354022979736, "_step": 0, "_wandb": {"runtime": 63}}