{"accuracy": 0.8943089430894309, "ROC-AUC": 0.8907161803713527, "F1-score": 0.8807339449541284, "_timestamp": 1682030004.2806761, "_runtime": 9369.135188102722, "_step": 0, "_wandb": {"runtime": 9377}}