{"accuracy": 0.8861788617886179, "ROC-AUC": 0.8841463414634145, "F1-score": 0.8372093023255814, "_timestamp": 1682510599.873798, "_runtime": 1.7890729904174805, "_step": 0, "_wandb": {"runtime": 10}}