{"accuracy": 0.8292682926829268, "ROC-AUC": 0.8282493368700264, "F1-score": 0.8173913043478261, "_timestamp": 1682015003.8973932, "_runtime": 10.119835138320923, "_step": 0, "_wandb": {"runtime": 1}}