{"accuracy": 0.6666666666666666, "ROC-AUC": 0.5, "F1-score": 0.0, "_timestamp": 1682274037.264495, "_runtime": 1.7904078960418701, "_step": 0, "_wandb": {"runtime": 1}}