{"accuracy": 0.8536585365853658, "ROC-AUC": 0.8522546419098143, "F1-score": 0.8421052631578947, "_timestamp": 1682014565.0142157, "_runtime": 6.8615477085113525, "_step": 0, "_wandb": {"runtime": 3}}