{"accuracy": 0.9186991869918699, "ROC-AUC": 0.9207317073170732, "F1-score": 0.8837209302325582, "_timestamp": 1682510162.757309, "_runtime": 1.7172479629516602, "_step": 0, "_wandb": {"runtime": 54}}