{"accuracy": 0.8699186991869918, "ROC-AUC": 0.866710875331565, "F1-score": 0.8545454545454546, "_timestamp": 1682501208.3592534, "_runtime": 1.8898913860321045, "_step": 0, "_wandb": {"runtime": 85}}