{"accuracy": 0.8943089430894309, "ROC-AUC": 0.893501326259947, "F1-score": 0.8869565217391304, "_timestamp": 1682457509.6232958, "_runtime": 1.6982738971710205, "_step": 0, "_wandb": {"runtime": 44}}