{"accuracy": 0.8536585365853658, "ROC-AUC": 0.8522546419098143, "F1-score": 0.8421052631578947, "_timestamp": 1681840913.1499615, "_runtime": 0.9735655784606934, "_step": 0, "_wandb": {"runtime": 1}}