{"accuracy": 0.8943089430894309, "ROC-AUC": 0.8963414634146342, "F1-score": 0.8505747126436782, "_timestamp": 1682464860.5578628, "_runtime": 1.7297956943511963, "_step": 0, "_wandb": {"runtime": 10}}