{"accuracy": 0.8297872340425532, "ROC-AUC": 0.8035714285714286, "F1-score": 0.6923076923076924, "_timestamp": 1682276300.3106782, "_runtime": 303.33141231536865, "_step": 0}