{"accuracy": 0.8292682926829268, "ROC-AUC": 0.8282493368700264, "F1-score": 0.8173913043478261, "_timestamp": 1682264229.662968, "_runtime": 2.3053078651428223, "_step": 0, "_wandb": {"runtime": 1}}