{"accuracy": 0.8780487804878049, "ROC-AUC": 0.8771883289124668, "F1-score": 0.8695652173913043, "_timestamp": 1682457711.1733549, "_runtime": 1.7334568500518799, "_step": 0, "_wandb": {"runtime": 1199}}