{"accuracy": 0.8943089430894309, "ROC-AUC": 0.8902439024390244, "F1-score": 0.8470588235294119, "_timestamp": 1682464767.4616873, "_runtime": 1.7587072849273682, "_step": 0, "_wandb": {"runtime": 85}}