{"accuracy": 0.8455284552845529, "ROC-AUC": 0.8445623342175067, "F1-score": 0.8347826086956522, "_timestamp": 1682501581.6026628, "_runtime": 1.7686517238616943, "_step": 0, "_wandb": {"runtime": 8}}