{"accuracy": 0.8455284552845529, "ROC-AUC": 0.8454907161803714, "F1-score": 0.8376068376068375, "_timestamp": 1682015326.10325, "_runtime": 8.638935089111328, "_step": 0, "_wandb": {"runtime": 36}}