{"accuracy": 0.6341463414634146, "ROC-AUC": 0.6232095490716181, "F1-score": 0.5263157894736842, "_timestamp": 1682274090.3761203, "_runtime": 46.00267243385315, "_step": 0, "_wandb": {"runtime": 1}}