{"accuracy": 0.8536585365853658, "ROC-AUC": 0.8531830238726791, "F1-score": 0.8448275862068967, "_timestamp": 1682017922.2706206, "_runtime": 1599.6938304901123, "_step": 0, "_wandb": {"runtime": 455}}