{"accuracy": 0.6666666666666666, "ROC-AUC": 0.5, "F1-score": 0.0, "_timestamp": 1682274106.9310765, "_runtime": 1.9239604473114014, "_step": 0, "_wandb": {"runtime": 274}}