{"accuracy": 0.8130081300813008, "ROC-AUC": 0.8128647214854111, "F1-score": 0.8034188034188032, "_timestamp": 1682264206.17909, "_runtime": 2.661288022994995, "_step": 0, "_wandb": {"runtime": 3}}