{"accuracy": 0.8943089430894309, "ROC-AUC": 0.889787798408488, "F1-score": 0.8785046728971961, "_timestamp": 1682019613.5303032, "_runtime": 950.184433221817, "_step": 0, "_wandb": {"runtime": 955}}