{"accuracy": 0.7479674796747967, "ROC-AUC": 0.7438992042440319, "F1-score": 0.7155963302752292, "_timestamp": 1682457688.5884316, "_runtime": 1.7262346744537354, "_step": 0, "_wandb": {"runtime": 14}}