{"accuracy": 0.8943089430894309, "ROC-AUC": 0.893501326259947, "F1-score": 0.8869565217391304, "_timestamp": 1682457371.470222, "_runtime": 0.9868431091308594, "_step": 0, "_wandb": {"runtime": 63}}