{"accuracy": 0.8536585365853658, "ROC-AUC": 0.8170731707317074, "F1-score": 0.7631578947368421, "_timestamp": 1682015480.8935878, "_runtime": 14.273445844650269, "_step": 0, "_wandb": {"runtime": 115}}