{"accuracy": 0.2972972972972973, "ROC-AUC": 0.2633333333333333, "F1-score": 0.13333333333333333, "_timestamp": 1682264851.2918148, "_runtime": 2.158291816711426, "_step": 0}