{"accuracy": 0.8780487804878049, "ROC-AUC": 0.8841463414634145, "F1-score": 0.8314606741573034, "_timestamp": 1682017974.3244157, "_runtime": 5.243646621704102, "_step": 0, "_wandb": {"runtime": 438}}