{"accuracy": 0.8699186991869918, "ROC-AUC": 0.8685676392572944, "F1-score": 0.8596491228070176, "_timestamp": 1682264573.8864512, "_runtime": 209.67928528785706, "_step": 0, "_wandb": {"runtime": 217}}