{"accuracy": 0.8455284552845529, "ROC-AUC": 0.8454907161803714, "F1-score": 0.8376068376068375, "_timestamp": 1682264252.0378165, "_runtime": 4.193127632141113, "_step": 0, "_wandb": {"runtime": 25}}