{"accuracy": 0.8943089430894309, "ROC-AUC": 0.8907161803713527, "F1-score": 0.8807339449541284, "_timestamp": 1682015609.0757022, "_runtime": 5.792178153991699, "_step": 0, "_wandb": {"runtime": 31}}