{"accuracy": 0.7560975609756098, "ROC-AUC": 0.7743902439024389, "F1-score": 0.6938775510204082, "_timestamp": 1682464895.1580632, "_runtime": 1.7883350849151611, "_step": 0, "_wandb": {"runtime": 12}}