{"accuracy": 0.7479674796747967, "ROC-AUC": 0.7448275862068966, "F1-score": 0.7207207207207208, "_timestamp": 1682457670.3197742, "_runtime": 1.714468240737915, "_step": 0, "_wandb": {"runtime": 11}}