{"accuracy": 0.7317073170731707, "ROC-AUC": 0.7378048780487805, "F1-score": 0.6526315789473683, "_timestamp": 1682513201.2983212, "_runtime": 1.9132542610168457, "_step": 0, "_wandb": {"runtime": 22}}