{"accuracy": 0.8455284552845529, "ROC-AUC": 0.8231707317073171, "F1-score": 0.7654320987654322, "_timestamp": 1682015071.467385, "_runtime": 4.285627126693726, "_step": 0, "_wandb": {"runtime": 241}}