{"accuracy": 0.8780487804878049, "ROC-AUC": 0.8414634146341463, "F1-score": 0.8, "_timestamp": 1682464934.9430785, "_runtime": 1.7143676280975342, "_step": 0}