{"accuracy": 0.8617886178861789, "ROC-AUC": 0.8353658536585367, "F1-score": 0.7848101265822786, "_timestamp": 1682264197.2017322, "_runtime": 2.194437265396118, "_step": 0, "_wandb": {"runtime": 2}}