{"accuracy": 0.8048780487804879, "ROC-AUC": 0.823170731707317, "F1-score": 0.7499999999999999, "_timestamp": 1682458938.719417, "_runtime": 1.009817123413086, "_step": 0, "_wandb": {"runtime": 1597}}