{"accuracy": 0.8861788617886179, "ROC-AUC": 0.8536585365853658, "F1-score": 0.8157894736842105, "_timestamp": 1681842498.7710652, "_runtime": 1.1656522750854492, "_step": 0}