{"accuracy": 0.8699186991869918, "ROC-AUC": 0.8676392572944297, "F1-score": 0.8571428571428572, "_timestamp": 1682456110.843323, "_runtime": 1.4162850379943848, "_step": 0, "_wandb": {"runtime": 1228}}