{"accuracy": 0.8378378378378378, "ROC-AUC": 0.819940476190476, "F1-score": 0.7857142857142857, "_timestamp": 1682058510.1505313, "_runtime": 135.8648853302002, "_step": 0, "_wandb": {"runtime": 4}}