{"accuracy": 0.926829268292683, "ROC-AUC": 0.9390243902439025, "F1-score": 0.8988764044943819, "_timestamp": 1682460568.72237, "_runtime": 0.9576728343963623, "_step": 0, "_wandb": {"runtime": 1715}}