{"accuracy": 0.926829268292683, "ROC-AUC": 0.9329268292682926, "F1-score": 0.8965517241379309, "_timestamp": 1682464555.496913, "_runtime": 1.0636909008026123, "_step": 0, "_wandb": {"runtime": 69}}