{"accuracy": 0.85, "ROC-AUC": 0.8493303571428572, "F1-score": 0.8392857142857143, "_timestamp": 1682275800.2486563, "_runtime": 151.7566623687744, "_step": 1, "_wandb": {"runtime": 133}}