{"accuracy": 0.8861788617886179, "ROC-AUC": 0.8597560975609755, "F1-score": 0.8205128205128206, "_timestamp": 1682015669.6851215, "_runtime": 6.5557825565338135, "_step": 0, "_wandb": {"runtime": 652}}