{"accuracy": 0.8943089430894309, "ROC-AUC": 0.8916445623342175, "F1-score": 0.8828828828828829, "_timestamp": 1682497076.5421445, "_runtime": 2.3419594764709473, "_step": 0, "_wandb": {"runtime": 2885}}