{"accuracy": 0.8373983739837398, "ROC-AUC": 0.8109756097560976, "F1-score": 0.7499999999999999, "_timestamp": 1682510242.4133258, "_runtime": 1.860196828842163, "_step": 0, "_wandb": {"runtime": 46}}