{"accuracy": 0.5135135135135135, "ROC-AUC": 0.5, "F1-score": 0.0, "_timestamp": 1682264841.2798865, "_runtime": 2.295964479446411, "_step": 0, "_wandb": {"runtime": 1}}