{"accuracy": 0.8108108108108109, "ROC-AUC": 0.8388888888888888, "F1-score": 0.7200000000000001, "_timestamp": 1682058570.2224004, "_runtime": 2.6026153564453125, "_step": 0}