{"accuracy": 0.8617886178861789, "ROC-AUC": 0.8599469496021219, "F1-score": 0.8495575221238938, "_timestamp": 1682014876.8881817, "_runtime": 11.889662742614746, "_step": 0, "_wandb": {"runtime": 2}}