{"accuracy": 0.8130081300813008, "ROC-AUC": 0.7865853658536586, "F1-score": 0.7160493827160495, "_timestamp": 1682274454.0775042, "_runtime": 1.9640281200408936, "_step": 0}