{"accuracy": 0.8512396694214877, "ROC-AUC": 0.8497807017543859, "F1-score": 0.8392857142857144, "_timestamp": 1682267489.5201359, "_runtime": 2.604761838912964, "_step": 0, "_wandb": {"runtime": 33}}