{"accuracy": 0.8861788617886179, "ROC-AUC": 0.8597560975609755, "F1-score": 0.8205128205128206, "_timestamp": 1682014937.8280091, "_runtime": 6.469893217086792, "_step": 0, "_wandb": {"runtime": 47}}