{"accuracy": 0.943089430894309, "ROC-AUC": 0.951219512195122, "F1-score": 0.9195402298850575, "_timestamp": 1682508065.992832, "_runtime": 1.7424399852752686, "_step": 0, "_wandb": {"runtime": 2058}}