{"accuracy": 0.7235772357723578, "ROC-AUC": 0.7189655172413794, "F1-score": 0.6851851851851852, "_timestamp": 1682274389.2500374, "_runtime": 3.824587345123291, "_step": 0, "_wandb": {"runtime": 0}}