{"svc_smote_net_impact_ordenc_df_modelling_dimensionless": {"dataset": "df_modelling_dimensionless", "model": "svc_smote_net_impact_ordenc", "target": "net_impact", "metrics": [{"accuracy": 0.7733333333333333, "f1": 0.5853658536585366, "precision": 0.5714285714285714, "recall": 0.6, "roc_auc": 0.7181818181818183}], "params": {"C": 289.0756488219589, "kernel": "sigmoid", "gamma": 2.067883005337676, "coef0": 0.8406315514309344}}, "svc_smote_net_impact_ordenc_df_modelling_dimensionless_pf": {"dataset": "df_modelling_dimensionless_pf", "model": "svc_smote_net_impact_ordenc", "target": "net_impact", "metrics": [{"accuracy": 0.8, "f1": 0.6341463414634146, "precision": 0.6190476190476191, "recall": 0.65, "roc_auc": 0.7522727272727272}], "params": {"C": 15.70060032668201, "kernel": "sigmoid", "gamma": 5.376021192964654, "coef0": 0.9199452242488377}}, "svc_smote_splashing_onehot_df_modelling_dimensionless": {"dataset": "df_modelling_dimensionless", "model": "svc_smote_splashing_onehot", "target": "splashing", "metrics": [{"accuracy": 0.9066666666666666, "f1": 0.9292929292929293, "precision": 0.9019607843137255, "recall": 0.9583333333333334, "roc_auc": 0.8865740740740742}], "params": {"C": 515.3859261687702, "kernel": "rbf", "gamma": 0.02483675172301403, "coef0": 0.9781306129081911}}, "svc_smote_splashing_onehot_df_modelling_dimensionless_pf": {"dataset": "df_modelling_dimensionless_pf", "model": "svc_smote_splashing_onehot", "target": "splashing", "metrics": [{"accuracy": 0.6533333333333333, "f1": 0.7346938775510204, "precision": 0.72, "recall": 0.75, "roc_auc": 0.6157407407407407}], "params": {"C": 6.178933963490171, "kernel": "sigmoid", "gamma": 0.16432478263771166, "coef0": 0.8591417642748961}}, "svc_smote_splashing_ordenc_df_modelling_dimensionless": {"dataset": "df_modelling_dimensionless", "model": "svc_smote_splashing_ordenc", "target": "splashing", "metrics": [{"accuracy": 0.9066666666666666, "f1": 0.9278350515463918, "precision": 0.9183673469387755, "recall": 0.9375, "roc_auc": 0.8946759259259259}], "params": {"C": 1918.0399002231968, "kernel": "rbf", "gamma": 0.016638998418549805, "coef0": 0.44351763528631966}}}