{"svc_smote_net_impact_ordenc_df_modelling_dimensionless": {"dataset": "df_modelling_dimensionless", "model": "svc_smote_net_impact_ordenc", "target": "net_impact", "metrics": [{"accuracy": 0.88, "f1": 0.7804878048780488, "precision": 0.7619047619047619, "recall": 0.8, "roc_auc": 0.8545454545454545}], "params": {"C": 16790.01333225669, "kernel": "linear", "gamma": 0.5104111685034846, "coef0": 0.5040747846924019}}, "svc_smote_net_impact_ordenc_df_modelling_dimensionless_pf": {"dataset": "df_modelling_dimensionless_pf", "model": "svc_smote_net_impact_ordenc", "target": "net_impact", "metrics": [{"accuracy": 0.8933333333333333, "f1": 0.8000000000000002, "precision": 0.8, "recall": 0.8, "roc_auc": 0.8636363636363636}], "params": {"C": 5.668824364697009, "kernel": "linear", "gamma": 8.543924647770943, "coef0": 0.6054216128849486}}, "svc_smote_splashing_onehot_df_modelling_dimensionless": {"dataset": "df_modelling_dimensionless", "model": "svc_smote_splashing_onehot", "target": "splashing", "metrics": [{"accuracy": 0.7866666666666666, "f1": 0.8297872340425533, "precision": 0.8478260869565217, "recall": 0.8125, "roc_auc": 0.7766203703703703}], "params": {"C": 517.6567174713441, "kernel": "sigmoid", "gamma": 0.03252407494607743, "coef0": 0.7701757647888088}}, "svc_smote_splashing_onehot_df_modelling_dimensionless_pf": {"dataset": "df_modelling_dimensionless_pf", "model": "svc_smote_splashing_onehot", "target": "splashing", "metrics": [{"accuracy": 0.8666666666666667, "f1": 0.9, "precision": 0.8653846153846154, "recall": 0.9375, "roc_auc": 0.8391203703703703}], "params": {"C": 12.621488289069124, "kernel": "rbf", "gamma": 0.086553350014608, "coef0": 0.9187384245309556}}, "svc_smote_splashing_ordenc_df_modelling_dimensionless": {"dataset": "df_modelling_dimensionless", "model": "svc_smote_splashing_ordenc", "target": "splashing", "metrics": [{"accuracy": 0.8133333333333334, "f1": 0.8541666666666666, "precision": 0.8541666666666666, "recall": 0.8541666666666666, "roc_auc": 0.7974537037037036}], "params": {"C": 124.76734898127248, "kernel": "sigmoid", "gamma": 0.04085289913402599, "coef0": 0.5732302868439665}}}