{"accuracy": 0.8780487804878049, "ROC-AUC": 0.871951219512195, "F1-score": 0.8235294117647058, "_timestamp": 1682464691.6886258, "_runtime": 1.8959567546844482, "_step": 0, "_wandb": {"runtime": 65}}