{"accuracy": 0.8780487804878049, "ROC-AUC": 0.871951219512195, "F1-score": 0.8235294117647058, "_timestamp": 1682510436.6061382, "_runtime": 1.2875032424926758, "_step": 0, "_wandb": {"runtime": 78}}