{"accuracy": 0.7317073170731707, "ROC-AUC": 0.7378048780487805, "F1-score": 0.6526315789473683, "_timestamp": 1682464914.5818734, "_runtime": 1.8002715110778809, "_step": 0, "_wandb": {"runtime": 13}}