{"accuracy": 0.8617886178861789, "ROC-AUC": 0.8599469496021219, "F1-score": 0.8495575221238938, "_timestamp": 1682457634.5556645, "_runtime": 1.85994553565979, "_step": 0, "_wandb": {"runtime": 8}}