{"accuracy": 0.8617886178861789, "ROC-AUC": 0.8590185676392572, "F1-score": 0.8468468468468469, "_timestamp": 1682454528.148793, "_runtime": 1.7619550228118896, "_step": 0, "_wandb": {"runtime": 1551}}