{"accuracy": 0.8780487804878049, "ROC-AUC": 0.8762599469496021, "F1-score": 0.8672566371681416, "_timestamp": 1682500921.7590735, "_runtime": 1.8994884490966797, "_step": 0, "_wandb": {"runtime": 50}}