{"accuracy": 0.8943089430894309, "ROC-AUC": 0.8925729442970822, "F1-score": 0.8849557522123893, "_timestamp": 1682500076.9597273, "_runtime": 1.7737982273101807, "_step": 0, "_wandb": {"runtime": 48}}