{"accuracy": 0.8085106382978723, "ROC-AUC": 0.7892857142857143, "F1-score": 0.6666666666666665, "_timestamp": 1682268395.5032856, "_runtime": 278.08187460899353, "_step": 0}