{"accuracy": 0.8455284552845529, "ROC-AUC": 0.8414634146341462, "F1-score": 0.7816091954022988, "_timestamp": 1682464879.8808653, "_runtime": 1.766404390335083, "_step": 0, "_wandb": {"runtime": 7}}