{"accuracy": 0.8536585365853658, "ROC-AUC": 0.8414634146341464, "F1-score": 0.7857142857142858, "_timestamp": 1682038471.7554314, "_runtime": 8448.776760339737, "_step": 0}