{"accuracy": 0.8211382113821138, "ROC-AUC": 0.7987804878048781, "F1-score": 0.7317073170731707, "_timestamp": 1682464632.6053808, "_runtime": 1.7973408699035645, "_step": 0, "_wandb": {"runtime": 51}}