{"accuracy": 0.8292682926829268, "ROC-AUC": 0.8475609756097562, "F1-score": 0.7789473684210526, "_timestamp": 1682504118.7711701, "_runtime": 1.8023910522460938, "_step": 0, "_wandb": {"runtime": 1371}}