{"accuracy": 0.9186991869918699, "ROC-AUC": 0.9329268292682927, "F1-score": 0.888888888888889, "_timestamp": 1682506574.5797276, "_runtime": 1.7352497577667236, "_step": 0, "_wandb": {"runtime": 1428}}