{"accuracy": 0.7560975609756098, "ROC-AUC": 0.7743902439024389, "F1-score": 0.6938775510204082, "_timestamp": 1682513059.2406573, "_runtime": 2.0585713386535645, "_step": 0, "_wandb": {"runtime": 20}}