{"accuracy": 0.6422764227642277, "ROC-AUC": 0.6346153846153846, "F1-score": 0.5686274509803921, "_timestamp": 1682274029.2343485, "_runtime": 2.457963466644287, "_step": 0, "_wandb": {"runtime": 0}}