{"accuracy": 0.8536585365853658, "ROC-AUC": 0.8170731707317074, "F1-score": 0.7631578947368421, "_timestamp": 1682264285.4300172, "_runtime": 4.21250319480896, "_step": 0, "_wandb": {"runtime": 28}}