{"accuracy": 0.7479674796747967, "ROC-AUC": 0.7448275862068966, "F1-score": 0.7207207207207208, "_timestamp": 1682503069.7334468, "_runtime": 1.8302059173583984, "_step": 0, "_wandb": {"runtime": 10}}