{"accuracy": 0.8861788617886179, "ROC-AUC": 0.8536585365853658, "F1-score": 0.8157894736842105, "_timestamp": 1682014768.50083, "_runtime": 18.610322952270508, "_step": 0, "_wandb": {"runtime": 103}}